{
	"description": "项目配置文件。",
	"packOptions": {
		"ignore": []
	},
	"setting": {
		"urlCheck": false,
		"es6": true,
		"postcss": true,
		"minified": true,
		"newFeature": true,
		"autoAudits": false
	},
	"compileType": "miniprogram",
	"libVersion": "2.2.3",
	"appid": "wx9050e00c72033650",
	"projectname": "bufannaoTest",
	"isGameTourist": false,
	"condition": {
		"search": {
			"current": -1,
			"list": []
		},
		"conversation": {
			"current": -1,
			"list": []
		},
		"plugin": {
			"current": -1,
			"list": []
		},
		"game": {
			"currentL": -1,
			"list": []
		},
		"miniprogram": {
			"current": 1,
			"list": [
				{
					"id": 1,
					"name": "在线预约",
					"pathName": "pages/order/order",
					"query": "orderStore=大连三丰大厦店&incloudProjectCode=PRJ001616&incloudProjectName=龙脑调养护理&storeCode=UM0002&v=1"
				},
				{
					"id": 1,
					"name": "在线预约22",
					"pathName": "pages/moreStoreImgs/moreStoreImgs",
					"query": ""
				}
			]
		}
	}
}